{"cameraMode":{"drawMode":0,"name":"Shaded","section":"Shading Mode"},"sceneLighting":false,"audioPlay":false,"sceneViewState":{"m_AlwaysRefresh":false,"showFog":true,"showSkybox":false,"showFlares":true,"showImageEffects":true,"showParticleSystems":true,"showVisualEffectGraphs":true,"m_FxEnabled":true},"in2DMode":false,"pivot":{"x":0.610043466091156,"y":1.0203866958618165,"z":-1.5454384088516236},"rotation":{"x":-0.009186050854623318,"y":0.7179813385009766,"z":-0.6959394812583923,"w":-0.009476980194449425},"size":6.615816116333008,"orthographic":false}